--
-- PostgreSQL database dump
--

-- Dumped from database version 13.12 (Debian 13.12-1.pgdg120+1)
-- Dumped by pg_dump version 13.12 (Debian 13.12-1.pgdg120+1)

SET statement_timeout = 0;
SET lock_timeout = 0;
SET idle_in_transaction_session_timeout = 0;
SET client_encoding = 'UTF8';
SET standard_conforming_strings = on;
SELECT pg_catalog.set_config('search_path', '', false);
SET check_function_bodies = false;
SET xmloption = content;
SET client_min_messages = warning;
SET row_security = off;

SET default_tablespace = '';

SET default_table_access_method = heap;

--
-- Name: auth_group; Type: TABLE; Schema: public; Owner: root
--

CREATE TABLE public.auth_group (
    id integer NOT NULL,
    name character varying(150) NOT NULL
);


ALTER TABLE public.auth_group OWNER TO root;

--
-- Name: auth_group_id_seq; Type: SEQUENCE; Schema: public; Owner: root
--

ALTER TABLE public.auth_group ALTER COLUMN id ADD GENERATED BY DEFAULT AS IDENTITY (
    SEQUENCE NAME public.auth_group_id_seq
    START WITH 1
    INCREMENT BY 1
    NO MINVALUE
    NO MAXVALUE
    CACHE 1
);


--
-- Name: auth_group_permissions; Type: TABLE; Schema: public; Owner: root
--

CREATE TABLE public.auth_group_permissions (
    id bigint NOT NULL,
    group_id integer NOT NULL,
    permission_id integer NOT NULL
);


ALTER TABLE public.auth_group_permissions OWNER TO root;

--
-- Name: auth_group_permissions_id_seq; Type: SEQUENCE; Schema: public; Owner: root
--

ALTER TABLE public.auth_group_permissions ALTER COLUMN id ADD GENERATED BY DEFAULT AS IDENTITY (
    SEQUENCE NAME public.auth_group_permissions_id_seq
    START WITH 1
    INCREMENT BY 1
    NO MINVALUE
    NO MAXVALUE
    CACHE 1
);


--
-- Name: auth_permission; Type: TABLE; Schema: public; Owner: root
--

CREATE TABLE public.auth_permission (
    id integer NOT NULL,
    name character varying(255) NOT NULL,
    content_type_id integer NOT NULL,
    codename character varying(100) NOT NULL
);


ALTER TABLE public.auth_permission OWNER TO root;

--
-- Name: auth_permission_id_seq; Type: SEQUENCE; Schema: public; Owner: root
--

ALTER TABLE public.auth_permission ALTER COLUMN id ADD GENERATED BY DEFAULT AS IDENTITY (
    SEQUENCE NAME public.auth_permission_id_seq
    START WITH 1
    INCREMENT BY 1
    NO MINVALUE
    NO MAXVALUE
    CACHE 1
);


--
-- Name: auth_user; Type: TABLE; Schema: public; Owner: root
--

CREATE TABLE public.auth_user (
    id integer NOT NULL,
    password character varying(128) NOT NULL,
    last_login timestamp with time zone,
    is_superuser boolean NOT NULL,
    username character varying(150) NOT NULL,
    first_name character varying(150) NOT NULL,
    last_name character varying(150) NOT NULL,
    email character varying(254) NOT NULL,
    is_staff boolean NOT NULL,
    is_active boolean NOT NULL,
    date_joined timestamp with time zone NOT NULL
);


ALTER TABLE public.auth_user OWNER TO root;

--
-- Name: auth_user_groups; Type: TABLE; Schema: public; Owner: root
--

CREATE TABLE public.auth_user_groups (
    id bigint NOT NULL,
    user_id integer NOT NULL,
    group_id integer NOT NULL
);


ALTER TABLE public.auth_user_groups OWNER TO root;

--
-- Name: auth_user_groups_id_seq; Type: SEQUENCE; Schema: public; Owner: root
--

ALTER TABLE public.auth_user_groups ALTER COLUMN id ADD GENERATED BY DEFAULT AS IDENTITY (
    SEQUENCE NAME public.auth_user_groups_id_seq
    START WITH 1
    INCREMENT BY 1
    NO MINVALUE
    NO MAXVALUE
    CACHE 1
);


--
-- Name: auth_user_id_seq; Type: SEQUENCE; Schema: public; Owner: root
--

ALTER TABLE public.auth_user ALTER COLUMN id ADD GENERATED BY DEFAULT AS IDENTITY (
    SEQUENCE NAME public.auth_user_id_seq
    START WITH 1
    INCREMENT BY 1
    NO MINVALUE
    NO MAXVALUE
    CACHE 1
);


--
-- Name: auth_user_user_permissions; Type: TABLE; Schema: public; Owner: root
--

CREATE TABLE public.auth_user_user_permissions (
    id bigint NOT NULL,
    user_id integer NOT NULL,
    permission_id integer NOT NULL
);


ALTER TABLE public.auth_user_user_permissions OWNER TO root;

--
-- Name: auth_user_user_permissions_id_seq; Type: SEQUENCE; Schema: public; Owner: root
--

ALTER TABLE public.auth_user_user_permissions ALTER COLUMN id ADD GENERATED BY DEFAULT AS IDENTITY (
    SEQUENCE NAME public.auth_user_user_permissions_id_seq
    START WITH 1
    INCREMENT BY 1
    NO MINVALUE
    NO MAXVALUE
    CACHE 1
);


--
-- Name: authtoken_token; Type: TABLE; Schema: public; Owner: root
--

CREATE TABLE public.authtoken_token (
    key character varying(40) NOT NULL,
    created timestamp with time zone NOT NULL,
    user_id integer NOT NULL
);


ALTER TABLE public.authtoken_token OWNER TO root;

--
-- Name: django_admin_log; Type: TABLE; Schema: public; Owner: root
--

CREATE TABLE public.django_admin_log (
    id integer NOT NULL,
    action_time timestamp with time zone NOT NULL,
    object_id text,
    object_repr character varying(200) NOT NULL,
    action_flag smallint NOT NULL,
    change_message text NOT NULL,
    content_type_id integer,
    user_id integer NOT NULL,
    CONSTRAINT django_admin_log_action_flag_check CHECK ((action_flag >= 0))
);


ALTER TABLE public.django_admin_log OWNER TO root;

--
-- Name: django_admin_log_id_seq; Type: SEQUENCE; Schema: public; Owner: root
--

ALTER TABLE public.django_admin_log ALTER COLUMN id ADD GENERATED BY DEFAULT AS IDENTITY (
    SEQUENCE NAME public.django_admin_log_id_seq
    START WITH 1
    INCREMENT BY 1
    NO MINVALUE
    NO MAXVALUE
    CACHE 1
);


--
-- Name: django_content_type; Type: TABLE; Schema: public; Owner: root
--

CREATE TABLE public.django_content_type (
    id integer NOT NULL,
    app_label character varying(100) NOT NULL,
    model character varying(100) NOT NULL
);


ALTER TABLE public.django_content_type OWNER TO root;

--
-- Name: django_content_type_id_seq; Type: SEQUENCE; Schema: public; Owner: root
--

ALTER TABLE public.django_content_type ALTER COLUMN id ADD GENERATED BY DEFAULT AS IDENTITY (
    SEQUENCE NAME public.django_content_type_id_seq
    START WITH 1
    INCREMENT BY 1
    NO MINVALUE
    NO MAXVALUE
    CACHE 1
);


--
-- Name: django_migrations; Type: TABLE; Schema: public; Owner: root
--

CREATE TABLE public.django_migrations (
    id bigint NOT NULL,
    app character varying(255) NOT NULL,
    name character varying(255) NOT NULL,
    applied timestamp with time zone NOT NULL
);


ALTER TABLE public.django_migrations OWNER TO root;

--
-- Name: django_migrations_id_seq; Type: SEQUENCE; Schema: public; Owner: root
--

ALTER TABLE public.django_migrations ALTER COLUMN id ADD GENERATED BY DEFAULT AS IDENTITY (
    SEQUENCE NAME public.django_migrations_id_seq
    START WITH 1
    INCREMENT BY 1
    NO MINVALUE
    NO MAXVALUE
    CACHE 1
);


--
-- Name: django_session; Type: TABLE; Schema: public; Owner: root
--

CREATE TABLE public.django_session (
    session_key character varying(40) NOT NULL,
    session_data text NOT NULL,
    expire_date timestamp with time zone NOT NULL
);


ALTER TABLE public.django_session OWNER TO root;

--
-- Name: event_manager_billing; Type: TABLE; Schema: public; Owner: root
--

CREATE TABLE public.event_manager_billing (
    id bigint NOT NULL,
    client_name character varying(30),
    service_type character varying(30) NOT NULL,
    event_type character varying(100) NOT NULL,
    user_price numeric(10,2) NOT NULL,
    net_price numeric(10,2) NOT NULL,
    invoice boolean NOT NULL,
    invoice_issue_date date,
    invoice_number character varying(50) NOT NULL,
    iva numeric(100,2),
    net_balance numeric(100,2) NOT NULL,
    iva_balance numeric(100,2) NOT NULL,
    payment_method character varying(500) NOT NULL,
    payment_date date,
    payment_method_type character varying(500) NOT NULL,
    cuit character varying(20) NOT NULL,
    observations character varying(500),
    billed_event_id bigint,
    charged_amount numeric(100,2)
);


ALTER TABLE public.event_manager_billing OWNER TO root;

--
-- Name: event_manager_billing_id_seq; Type: SEQUENCE; Schema: public; Owner: root
--

ALTER TABLE public.event_manager_billing ALTER COLUMN id ADD GENERATED BY DEFAULT AS IDENTITY (
    SEQUENCE NAME public.event_manager_billing_id_seq
    START WITH 1
    INCREMENT BY 1
    NO MINVALUE
    NO MAXVALUE
    CACHE 1
);


--
-- Name: event_manager_client; Type: TABLE; Schema: public; Owner: root
--

CREATE TABLE public.event_manager_client (
    id bigint NOT NULL,
    cuit character varying(100),
    legal_name text,
    cellphone character varying(100),
    contact_name character varying(100),
    email character varying(100),
    invoice character varying(100)
);


ALTER TABLE public.event_manager_client OWNER TO root;

--
-- Name: event_manager_client_id_seq; Type: SEQUENCE; Schema: public; Owner: root
--

ALTER TABLE public.event_manager_client ALTER COLUMN id ADD GENERATED BY DEFAULT AS IDENTITY (
    SEQUENCE NAME public.event_manager_client_id_seq
    START WITH 1
    INCREMENT BY 1
    NO MINVALUE
    NO MAXVALUE
    CACHE 1
);


--
-- Name: event_manager_employee; Type: TABLE; Schema: public; Owner: root
--

CREATE TABLE public.event_manager_employee (
    id bigint NOT NULL,
    employee_alias character varying(40),
    name text NOT NULL,
    email text,
    surname text NOT NULL,
    cuit text NOT NULL,
    birthday date,
    cellphone_no character varying(20),
    has_car boolean NOT NULL,
    license_number character varying(7),
    cbu character varying(20),
    alias character varying(20),
    user_id integer
);


ALTER TABLE public.event_manager_employee OWNER TO root;

--
-- Name: event_manager_employee_id_seq; Type: SEQUENCE; Schema: public; Owner: root
--

ALTER TABLE public.event_manager_employee ALTER COLUMN id ADD GENERATED BY DEFAULT AS IDENTITY (
    SEQUENCE NAME public.event_manager_employee_id_seq
    START WITH 1
    INCREMENT BY 1
    NO MINVALUE
    NO MAXVALUE
    CACHE 1
);


--
-- Name: event_manager_employeeassignment; Type: TABLE; Schema: public; Owner: root
--

CREATE TABLE public.event_manager_employeeassignment (
    id bigint NOT NULL,
    name character varying(200),
    assignment_status character varying(30),
    total_rate numeric(30,3) NOT NULL,
    payed_rate numeric(30,3) NOT NULL,
    payment_status character varying(30) NOT NULL,
    role character varying(30),
    observation text NOT NULL,
    employee_id bigint NOT NULL,
    events_id bigint NOT NULL
);


ALTER TABLE public.event_manager_employeeassignment OWNER TO root;

--
-- Name: event_manager_employeeassignment_id_seq; Type: SEQUENCE; Schema: public; Owner: root
--

ALTER TABLE public.event_manager_employeeassignment ALTER COLUMN id ADD GENERATED BY DEFAULT AS IDENTITY (
    SEQUENCE NAME public.event_manager_employeeassignment_id_seq
    START WITH 1
    INCREMENT BY 1
    NO MINVALUE
    NO MAXVALUE
    CACHE 1
);


--
-- Name: event_manager_employeeinvoice; Type: TABLE; Schema: public; Owner: root
--

CREATE TABLE public.event_manager_employeeinvoice (
    id bigint NOT NULL,
    total_rate numeric(10,3) NOT NULL,
    payed_rate numeric(10,3) NOT NULL,
    assignment_id bigint
);


ALTER TABLE public.event_manager_employeeinvoice OWNER TO root;

--
-- Name: event_manager_employeeinvoice_id_seq; Type: SEQUENCE; Schema: public; Owner: root
--

ALTER TABLE public.event_manager_employeeinvoice ALTER COLUMN id ADD GENERATED BY DEFAULT AS IDENTITY (
    SEQUENCE NAME public.event_manager_employeeinvoice_id_seq
    START WITH 1
    INCREMENT BY 1
    NO MINVALUE
    NO MAXVALUE
    CACHE 1
);


--
-- Name: event_manager_event; Type: TABLE; Schema: public; Owner: root
--

CREATE TABLE public.event_manager_event (
    created_at timestamp with time zone,
    id bigint NOT NULL,
    client_name character varying(100),
    contact_phone character varying(100),
    additional_service character varying(100) NOT NULL,
    organization character varying(100),
    event_name character varying(100),
    google_drive_status boolean NOT NULL,
    assigned_equipment text,
    printing boolean NOT NULL,
    printing_description text,
    _date timestamp with time zone NOT NULL,
    remarks text NOT NULL,
    insurance text NOT NULL,
    strip_status character varying(200) NOT NULL,
    bulk_status character varying(200) NOT NULL,
    structure character varying(200),
    start_date timestamp with time zone NOT NULL,
    end_date timestamp with time zone NOT NULL,
    billing_id bigint,
    logistics_id bigint,
    address character varying(100),
    cuil character varying(64),
    name character varying(100),
    social_reason character varying(100),
    hired_service character varying(200)
);


ALTER TABLE public.event_manager_event OWNER TO root;

--
-- Name: event_manager_event_id_seq; Type: SEQUENCE; Schema: public; Owner: root
--

ALTER TABLE public.event_manager_event ALTER COLUMN id ADD GENERATED BY DEFAULT AS IDENTITY (
    SEQUENCE NAME public.event_manager_event_id_seq
    START WITH 1
    INCREMENT BY 1
    NO MINVALUE
    NO MAXVALUE
    CACHE 1
);


--
-- Name: event_manager_logistics; Type: TABLE; Schema: public; Owner: root
--

CREATE TABLE public.event_manager_logistics (
    id bigint NOT NULL,
    assemble_start_date timestamp with time zone,
    assemble_end_date timestamp with time zone,
    dissasemble_start_date timestamp with time zone,
    dissasemble_end_date timestamp with time zone,
    observaciones character varying(100) NOT NULL,
    lateral_panes character varying(100) NOT NULL,
    internal_mdf character varying(100) NOT NULL,
    back_mdf character varying(100) NOT NULL,
    event_logistics_id bigint,
    structure character varying(100)
);


ALTER TABLE public.event_manager_logistics OWNER TO root;

--
-- Name: event_manager_logistics_id_seq; Type: SEQUENCE; Schema: public; Owner: root
--

ALTER TABLE public.event_manager_logistics ALTER COLUMN id ADD GENERATED BY DEFAULT AS IDENTITY (
    SEQUENCE NAME public.event_manager_logistics_id_seq
    START WITH 1
    INCREMENT BY 1
    NO MINVALUE
    NO MAXVALUE
    CACHE 1
);


--
-- Name: event_manager_salon; Type: TABLE; Schema: public; Owner: root
--

CREATE TABLE public.event_manager_salon (
    id bigint NOT NULL,
    address character varying(100),
    name character varying(100),
    social_reason character varying(100),
    cuil character varying(64)
);


ALTER TABLE public.event_manager_salon OWNER TO root;

--
-- Name: event_manager_salon_id_seq; Type: SEQUENCE; Schema: public; Owner: root
--

ALTER TABLE public.event_manager_salon ALTER COLUMN id ADD GENERATED BY DEFAULT AS IDENTITY (
    SEQUENCE NAME public.event_manager_salon_id_seq
    START WITH 1
    INCREMENT BY 1
    NO MINVALUE
    NO MAXVALUE
    CACHE 1
);


--
-- Data for Name: auth_group; Type: TABLE DATA; Schema: public; Owner: root
--

COPY public.auth_group (id, name) FROM stdin;
2	Employee
1	Admin
\.


--
-- Data for Name: auth_group_permissions; Type: TABLE DATA; Schema: public; Owner: root
--

COPY public.auth_group_permissions (id, group_id, permission_id) FROM stdin;
1	1	1
2	1	2
3	1	3
4	1	4
5	1	5
6	1	6
7	1	7
8	1	8
9	1	9
10	1	10
11	1	11
12	1	12
13	1	13
14	1	14
15	1	15
16	1	16
17	1	17
18	1	18
19	1	19
20	1	20
21	1	21
22	1	22
23	1	23
24	1	24
25	1	25
26	1	26
27	1	27
28	1	28
29	1	29
30	1	30
31	1	31
32	1	32
33	1	33
34	1	34
35	1	35
36	1	36
37	1	37
38	1	38
39	1	39
40	1	40
41	1	41
42	1	42
43	1	43
44	1	44
45	1	45
46	1	46
47	1	47
48	1	48
49	1	49
50	1	50
51	1	51
52	1	52
53	1	53
54	1	54
55	1	55
56	1	56
57	1	57
58	1	58
59	1	59
60	1	60
61	1	61
62	1	62
63	1	63
64	1	64
\.


--
-- Data for Name: auth_permission; Type: TABLE DATA; Schema: public; Owner: root
--

COPY public.auth_permission (id, name, content_type_id, codename) FROM stdin;
1	Can add log entry	1	add_logentry
2	Can change log entry	1	change_logentry
3	Can delete log entry	1	delete_logentry
4	Can view log entry	1	view_logentry
5	Can add permission	2	add_permission
6	Can change permission	2	change_permission
7	Can delete permission	2	delete_permission
8	Can view permission	2	view_permission
9	Can add group	3	add_group
10	Can change group	3	change_group
11	Can delete group	3	delete_group
12	Can view group	3	view_group
13	Can add user	4	add_user
14	Can change user	4	change_user
15	Can delete user	4	delete_user
16	Can view user	4	view_user
17	Can add content type	5	add_contenttype
18	Can change content type	5	change_contenttype
19	Can delete content type	5	delete_contenttype
20	Can view content type	5	view_contenttype
21	Can add session	6	add_session
22	Can change session	6	change_session
23	Can delete session	6	delete_session
24	Can view session	6	view_session
25	Can add Token	7	add_token
26	Can change Token	7	change_token
27	Can delete Token	7	delete_token
28	Can view Token	7	view_token
29	Can add token	8	add_tokenproxy
30	Can change token	8	change_tokenproxy
31	Can delete token	8	delete_tokenproxy
32	Can view token	8	view_tokenproxy
33	Can add billing	9	add_billing
34	Can change billing	9	change_billing
35	Can delete billing	9	delete_billing
36	Can view billing	9	view_billing
37	Can add client	10	add_client
38	Can change client	10	change_client
39	Can delete client	10	delete_client
40	Can view client	10	view_client
41	Can add employee	11	add_employee
42	Can change employee	11	change_employee
43	Can delete employee	11	delete_employee
44	Can view employee	11	view_employee
45	Can add employee assignment	12	add_employeeassignment
46	Can change employee assignment	12	change_employeeassignment
47	Can delete employee assignment	12	delete_employeeassignment
48	Can view employee assignment	12	view_employeeassignment
49	Can add event	13	add_event
50	Can change event	13	change_event
51	Can delete event	13	delete_event
52	Can view event	13	view_event
53	Can add salon	14	add_salon
54	Can change salon	14	change_salon
55	Can delete salon	14	delete_salon
56	Can view salon	14	view_salon
57	Can add logistics	15	add_logistics
58	Can change logistics	15	change_logistics
59	Can delete logistics	15	delete_logistics
60	Can view logistics	15	view_logistics
61	Can add employee invoice	16	add_employeeinvoice
62	Can change employee invoice	16	change_employeeinvoice
63	Can delete employee invoice	16	delete_employeeinvoice
64	Can view employee invoice	16	view_employeeinvoice
\.


--
-- Data for Name: auth_user; Type: TABLE DATA; Schema: public; Owner: root
--

COPY public.auth_user (id, password, last_login, is_superuser, username, first_name, last_name, email, is_staff, is_active, date_joined) FROM stdin;
1	pbkdf2_sha256$600000$eU1y8wJqdCEGpUArLENOsr$sN/3AqO1LxbLPojYeTdxwuGF7U94ezldA79DpBzj0fE=	2023-11-07 13:41:26.76737+00	t	superuser			user1@admin.org	t	t	2023-11-06 14:05:16.484558+00
2	pbkdf2_sha256$600000$xN8Ec6N6XYw7oMu1kbbEpd$mpNCjj3lFm5/vhkNvOBHLf3MulPiUSzTMjseJAeIvyk=	\N	f	usuario@prueba.com				f	t	2023-11-07 13:42:46+00
\.


--
-- Data for Name: auth_user_groups; Type: TABLE DATA; Schema: public; Owner: root
--

COPY public.auth_user_groups (id, user_id, group_id) FROM stdin;
1	2	1
\.


--
-- Data for Name: auth_user_user_permissions; Type: TABLE DATA; Schema: public; Owner: root
--

COPY public.auth_user_user_permissions (id, user_id, permission_id) FROM stdin;
1	2	1
2	2	2
3	2	3
4	2	4
5	2	5
6	2	6
7	2	7
8	2	8
9	2	9
10	2	10
11	2	11
12	2	12
13	2	13
14	2	14
15	2	15
16	2	16
17	2	17
18	2	18
19	2	19
20	2	20
21	2	21
22	2	22
23	2	23
24	2	24
25	2	25
26	2	26
27	2	27
28	2	28
29	2	29
30	2	30
31	2	31
32	2	32
33	2	33
34	2	34
35	2	35
36	2	36
37	2	37
38	2	38
39	2	39
40	2	40
41	2	41
42	2	42
43	2	43
44	2	44
45	2	45
46	2	46
47	2	47
48	2	48
49	2	49
50	2	50
51	2	51
52	2	52
53	2	53
54	2	54
55	2	55
56	2	56
57	2	57
58	2	58
59	2	59
60	2	60
61	2	61
62	2	62
63	2	63
64	2	64
\.


--
-- Data for Name: authtoken_token; Type: TABLE DATA; Schema: public; Owner: root
--

COPY public.authtoken_token (key, created, user_id) FROM stdin;
55ba20c862f5a114c2f16708e67c2369f24982d1	2023-11-06 14:05:18.687207+00	1
11ee307d576cec99356a8dbe072bdcc7ea611354	2023-11-07 13:42:46.585958+00	2
\.


--
-- Data for Name: django_admin_log; Type: TABLE DATA; Schema: public; Owner: root
--

COPY public.django_admin_log (id, action_time, object_id, object_repr, action_flag, change_message, content_type_id, user_id) FROM stdin;
1	2023-11-07 13:42:46.586805+00	2	usuario@prueba.com	1	[{"added": {}}]	4	1
2	2023-11-07 13:43:01.331349+00	2	usuario@prueba.com	2	[{"changed": {"fields": ["User permissions"]}}]	4	1
3	2023-11-07 13:48:06.827225+00	1	admin	1	[{"added": {}}]	3	1
4	2023-11-07 13:48:19.796222+00	2	Employee	1	[{"added": {}}]	3	1
5	2023-11-07 13:48:36.871833+00	1	Admin	2	[{"changed": {"fields": ["Name"]}}]	3	1
6	2023-11-07 13:48:50.897883+00	2	usuario@prueba.com	2	[{"changed": {"fields": ["Groups"]}}]	4	1
\.


--
-- Data for Name: django_content_type; Type: TABLE DATA; Schema: public; Owner: root
--

COPY public.django_content_type (id, app_label, model) FROM stdin;
1	admin	logentry
2	auth	permission
3	auth	group
4	auth	user
5	contenttypes	contenttype
6	sessions	session
7	authtoken	token
8	authtoken	tokenproxy
9	event_manager	billing
10	event_manager	client
11	event_manager	employee
12	event_manager	employeeassignment
13	event_manager	event
14	event_manager	salon
15	event_manager	logistics
16	event_manager	employeeinvoice
\.


--
-- Data for Name: django_migrations; Type: TABLE DATA; Schema: public; Owner: root
--

COPY public.django_migrations (id, app, name, applied) FROM stdin;
1	contenttypes	0001_initial	2023-11-06 14:01:44.842676+00
2	auth	0001_initial	2023-11-06 14:02:02.358116+00
3	admin	0001_initial	2023-11-06 14:02:07.617456+00
4	admin	0002_logentry_remove_auto_add	2023-11-06 14:02:07.654619+00
5	admin	0003_logentry_add_action_flag_choices	2023-11-06 14:02:08.585504+00
6	contenttypes	0002_remove_content_type_name	2023-11-06 14:02:09.311912+00
7	auth	0002_alter_permission_name_max_length	2023-11-06 14:02:12.296695+00
8	auth	0003_alter_user_email_max_length	2023-11-06 14:02:12.345711+00
9	auth	0004_alter_user_username_opts	2023-11-06 14:02:12.844743+00
10	auth	0005_alter_user_last_login_null	2023-11-06 14:02:12.873444+00
11	auth	0006_require_contenttypes_0002	2023-11-06 14:02:15.994623+00
12	auth	0007_alter_validators_add_error_messages	2023-11-06 14:02:16.041183+00
13	auth	0008_alter_user_username_max_length	2023-11-06 14:02:16.951667+00
14	auth	0009_alter_user_last_name_max_length	2023-11-06 14:02:17.904107+00
15	auth	0010_alter_group_name_max_length	2023-11-06 14:02:22.239745+00
16	auth	0011_update_proxy_permissions	2023-11-06 14:02:22.26706+00
17	auth	0012_alter_user_first_name_max_length	2023-11-06 14:02:22.940574+00
18	authtoken	0001_initial	2023-11-06 14:02:25.053085+00
19	authtoken	0002_auto_20160226_1747	2023-11-06 14:02:25.085759+00
20	authtoken	0003_tokenproxy	2023-11-06 14:02:25.800093+00
21	event_manager	0001_initial	2023-11-06 14:04:02.724027+00
22	event_manager	0002_alter_logistics_observaciones	2023-11-06 14:04:16.593676+00
23	event_manager	0003_alter_employeeassignment_payed_rate_and_more	2023-11-06 14:04:19.943284+00
24	event_manager	0004_remove_event_salon_event_address_event_cuil_and_more	2023-11-06 14:04:24.070186+00
25	event_manager	0005_client_cellphone_client_contact_name_client_email_and_more	2023-11-06 14:04:24.209296+00
26	event_manager	0006_remove_event_assemble_end_date_and_more	2023-11-06 14:04:29.407254+00
27	event_manager	0007_remove_billing_charged_billing_charged_amount_and_more	2023-11-06 14:04:32.45099+00
28	event_manager	0008_alter_logistics_observaciones	2023-11-06 14:04:34.277548+00
29	sessions	0001_initial	2023-11-06 14:04:58.29214+00
\.


--
-- Data for Name: django_session; Type: TABLE DATA; Schema: public; Owner: root
--

COPY public.django_session (session_key, session_data, expire_date) FROM stdin;
ycrkexho5ieq637duz9lcxisbw6bnsfz	.eJxVjM0OwiAQhN-FsyFAy48evfsMZNldpGogKe3J-O62SQ-auc33zbxFhHUpce08x4nERWhx-u0S4JPrDugB9d4ktrrMU5K7Ig_a5a0Rv66H-3dQoJdtHQgow-B1tjyqEIYtlJJBh0oFB947rQ2ChcEaqwldHr0HQ9blM2sWny_lJjfS:1r0MKc:736zG4vZ37oFLgC36FoAz6h7oqxM4_TrcyZU0MRNPSE	2023-11-21 13:41:26.781671+00
\.


--
-- Data for Name: event_manager_billing; Type: TABLE DATA; Schema: public; Owner: root
--

COPY public.event_manager_billing (id, client_name, service_type, event_type, user_price, net_price, invoice, invoice_issue_date, invoice_number, iva, net_balance, iva_balance, payment_method, payment_date, payment_method_type, cuit, observations, billed_event_id, charged_amount) FROM stdin;
1	Juan Producciones	Alquiler Equipo	Fiesta de 15	1000.00	2000.00	t	2023-04-01	10001	2000.00	0.00	200.00	Debito	2023-05-01	En la cara	123	Hecho	3	\N
2	Juan Producciones	Alquiler Equipo	Fiesta de 15	1000.00	2000.00	t	2023-04-01	10001	2000.00	0.00	200.00	Debito	2023-05-01	En la cara	123	Hecho	4	\N
3	Juan Producciones SRL	BABOOTH	Fiesta de 21	100000.00	2000000.00	t	2023-04-01	10001	2000.00	0.00	200.00	Debito	2023-05-01	En la cara	123	Hecho	4	\N
\.


--
-- Data for Name: event_manager_client; Type: TABLE DATA; Schema: public; Owner: root
--

COPY public.event_manager_client (id, cuit, legal_name, cellphone, contact_name, email, invoice) FROM stdin;
\.


--
-- Data for Name: event_manager_employee; Type: TABLE DATA; Schema: public; Owner: root
--

COPY public.event_manager_employee (id, employee_alias, name, email, surname, cuit, birthday, cellphone_no, has_car, license_number, cbu, alias, user_id) FROM stdin;
2	JDV	Marcos	employee@yomama.com	Sastre	203444111	2023-02-21	0299248182	t	AAA111	\N	abc	\N
1	JDV	Fede	employee@yomama.com	Lopez	203444111	2023-02-26	0297247082	t	AAA111	\N	abc	\N
\.


--
-- Data for Name: event_manager_employeeassignment; Type: TABLE DATA; Schema: public; Owner: root
--

COPY public.event_manager_employeeassignment (id, name, assignment_status, total_rate, payed_rate, payment_status, role, observation, employee_id, events_id) FROM stdin;
1	\N	POSTULADO	0.000	0.000	NO PAGO	\N		1	1
2	\N	A	1000.000	200.000	PAGADO	S	SOME NOTE	1	1
3	\N	P	2000.000	100.000	PAGADO	A	MEJOR QUE FUNCIONE MANIANA	1	1
\.


--
-- Data for Name: event_manager_employeeinvoice; Type: TABLE DATA; Schema: public; Owner: root
--

COPY public.event_manager_employeeinvoice (id, total_rate, payed_rate, assignment_id) FROM stdin;
\.


--
-- Data for Name: event_manager_event; Type: TABLE DATA; Schema: public; Owner: root
--

COPY public.event_manager_event (created_at, id, client_name, contact_phone, additional_service, organization, event_name, google_drive_status, assigned_equipment, printing, printing_description, _date, remarks, insurance, strip_status, bulk_status, structure, start_date, end_date, billing_id, logistics_id, address, cuil, name, social_reason, hired_service) FROM stdin;
2023-11-07 13:46:06.094347+00	1	Juan Producciones	02972345678	Alquiler Equipo	FDV	Todo re suelto	f	\N	t	Una imagen de shakira	2023-03-05 20:02:27.637+00	Seis kilos de boligoma	inexistente	P	Libre	PC + banda elastica	2023-11-07 13:46:13.000663+00	2023-11-07 13:46:13.00067+00	\N	\N	Alderete 234, Neuquen	\N	\N	\N	\N
2023-11-07 13:46:13.739992+00	3	Juan Producciones	02972345678	Alquiler Equipo	FDV	Todo re suelto	f	\N	t	Una imagen de shakira	2023-03-05 20:02:27.637+00	Seis kilos de boligoma	inexistente	P	Libre	PC + banda elastica	2023-11-07 13:46:18.0789+00	2023-11-07 13:46:18.078909+00	1	\N	Alderete 234, Neuquen	\N	\N	\N	\N
2023-11-07 13:46:22.039271+00	4	Juan Producciones	02972345678	Alquiler Equipo	FDV	Todo re suelto	f	\N	t	Una imagen de shakira	2023-03-05 20:02:27.637+00	Seis kilos de boligoma	inexistente	P	Libre	PC + banda elastica	2023-11-07 13:46:30.700795+00	2023-11-07 13:46:30.700802+00	3	\N	Alderete 234, Neuquen	\N	\N	\N	\N
2023-11-07 13:46:32.102443+00	5	Juan Producciones	02972345678	Alquiler Equipo	FDV	Todo re suelto	f	\N	t	Una imagen de shakira	2023-03-05 20:02:27.637+00	Seis kilos de boligoma	inexistente	P	Libre	PC + banda elastica	2023-11-07 13:46:33.650141+00	2023-11-07 13:46:33.650146+00	\N	1	Alderete 234, Neuquen	\N	\N	\N	\N
2023-11-07 13:46:06.306606+00	2	Juan Producciones SRL	02972345685	Alquiler Equipo	FDV	Todo re suelto	f	\N	t	Una estatua de ronaldinho	2023-03-05 20:02:27.637+00	Seis kilos de boligoma	inexistente	P	Libre	PC + banda elastica	2023-11-07 13:46:47.067238+00	2023-11-07 13:46:47.067295+00	\N	3	Alderete 234, Neuquen	\N	\N	\N	\N
\.


--
-- Data for Name: event_manager_logistics; Type: TABLE DATA; Schema: public; Owner: root
--

COPY public.event_manager_logistics (id, assemble_start_date, assemble_end_date, dissasemble_start_date, dissasemble_end_date, observaciones, lateral_panes, internal_mdf, back_mdf, event_logistics_id, structure) FROM stdin;
1	2023-03-05 20:02:27.637+00	2023-03-05 20:02:27.637+00	2023-03-05 20:02:27.637+00	2023-03-05 20:02:27.637+00	Muchas escaleras	BLANCAS	TODO PLOTEADO	CASI PLOTEADO	5	\N
2	2023-03-05 20:02:27.637+00	2023-03-05 20:02:27.637+00	2023-03-05 20:02:27.637+00	2023-03-05 20:02:27.637+00	Muchas escaleras	BLANCAS	TODO PLOTEADO	CASI PLOTEADO	\N	\N
3	2023-03-05 20:02:27.637+00	2023-03-05 20:02:27.637+00	2023-03-05 20:02:27.637+00	2023-03-05 20:02:27.637+00	Muchas escaleras	BLANCAS	TODO PLOTEADO	CASI PLOTEADO	2	\N
\.


--
-- Data for Name: event_manager_salon; Type: TABLE DATA; Schema: public; Owner: root
--

COPY public.event_manager_salon (id, address, name, social_reason, cuil) FROM stdin;
1	Las Vegas 22	Le Village	George Soros SRL	\N
2	Juan B. Justo 100	La petit fleur	Greenpeace	\N
\.


--
-- Name: auth_group_id_seq; Type: SEQUENCE SET; Schema: public; Owner: root
--

SELECT pg_catalog.setval('public.auth_group_id_seq', 2, true);


--
-- Name: auth_group_permissions_id_seq; Type: SEQUENCE SET; Schema: public; Owner: root
--

SELECT pg_catalog.setval('public.auth_group_permissions_id_seq', 64, true);


--
-- Name: auth_permission_id_seq; Type: SEQUENCE SET; Schema: public; Owner: root
--

SELECT pg_catalog.setval('public.auth_permission_id_seq', 64, true);


--
-- Name: auth_user_groups_id_seq; Type: SEQUENCE SET; Schema: public; Owner: root
--

SELECT pg_catalog.setval('public.auth_user_groups_id_seq', 1, true);


--
-- Name: auth_user_id_seq; Type: SEQUENCE SET; Schema: public; Owner: root
--

SELECT pg_catalog.setval('public.auth_user_id_seq', 2, true);


--
-- Name: auth_user_user_permissions_id_seq; Type: SEQUENCE SET; Schema: public; Owner: root
--

SELECT pg_catalog.setval('public.auth_user_user_permissions_id_seq', 64, true);


--
-- Name: django_admin_log_id_seq; Type: SEQUENCE SET; Schema: public; Owner: root
--

SELECT pg_catalog.setval('public.django_admin_log_id_seq', 6, true);


--
-- Name: django_content_type_id_seq; Type: SEQUENCE SET; Schema: public; Owner: root
--

SELECT pg_catalog.setval('public.django_content_type_id_seq', 16, true);


--
-- Name: django_migrations_id_seq; Type: SEQUENCE SET; Schema: public; Owner: root
--

SELECT pg_catalog.setval('public.django_migrations_id_seq', 29, true);


--
-- Name: event_manager_billing_id_seq; Type: SEQUENCE SET; Schema: public; Owner: root
--

SELECT pg_catalog.setval('public.event_manager_billing_id_seq', 3, true);


--
-- Name: event_manager_client_id_seq; Type: SEQUENCE SET; Schema: public; Owner: root
--

SELECT pg_catalog.setval('public.event_manager_client_id_seq', 1, false);


--
-- Name: event_manager_employee_id_seq; Type: SEQUENCE SET; Schema: public; Owner: root
--

SELECT pg_catalog.setval('public.event_manager_employee_id_seq', 2, true);


--
-- Name: event_manager_employeeassignment_id_seq; Type: SEQUENCE SET; Schema: public; Owner: root
--

SELECT pg_catalog.setval('public.event_manager_employeeassignment_id_seq', 3, true);


--
-- Name: event_manager_employeeinvoice_id_seq; Type: SEQUENCE SET; Schema: public; Owner: root
--

SELECT pg_catalog.setval('public.event_manager_employeeinvoice_id_seq', 1, false);


--
-- Name: event_manager_event_id_seq; Type: SEQUENCE SET; Schema: public; Owner: root
--

SELECT pg_catalog.setval('public.event_manager_event_id_seq', 5, true);


--
-- Name: event_manager_logistics_id_seq; Type: SEQUENCE SET; Schema: public; Owner: root
--

SELECT pg_catalog.setval('public.event_manager_logistics_id_seq', 3, true);


--
-- Name: event_manager_salon_id_seq; Type: SEQUENCE SET; Schema: public; Owner: root
--

SELECT pg_catalog.setval('public.event_manager_salon_id_seq', 2, true);


--
-- Name: auth_group auth_group_name_key; Type: CONSTRAINT; Schema: public; Owner: root
--

ALTER TABLE ONLY public.auth_group
    ADD CONSTRAINT auth_group_name_key UNIQUE (name);


--
-- Name: auth_group_permissions auth_group_permissions_group_id_permission_id_0cd325b0_uniq; Type: CONSTRAINT; Schema: public; Owner: root
--

ALTER TABLE ONLY public.auth_group_permissions
    ADD CONSTRAINT auth_group_permissions_group_id_permission_id_0cd325b0_uniq UNIQUE (group_id, permission_id);


--
-- Name: auth_group_permissions auth_group_permissions_pkey; Type: CONSTRAINT; Schema: public; Owner: root
--

ALTER TABLE ONLY public.auth_group_permissions
    ADD CONSTRAINT auth_group_permissions_pkey PRIMARY KEY (id);


--
-- Name: auth_group auth_group_pkey; Type: CONSTRAINT; Schema: public; Owner: root
--

ALTER TABLE ONLY public.auth_group
    ADD CONSTRAINT auth_group_pkey PRIMARY KEY (id);


--
-- Name: auth_permission auth_permission_content_type_id_codename_01ab375a_uniq; Type: CONSTRAINT; Schema: public; Owner: root
--

ALTER TABLE ONLY public.auth_permission
    ADD CONSTRAINT auth_permission_content_type_id_codename_01ab375a_uniq UNIQUE (content_type_id, codename);


--
-- Name: auth_permission auth_permission_pkey; Type: CONSTRAINT; Schema: public; Owner: root
--

ALTER TABLE ONLY public.auth_permission
    ADD CONSTRAINT auth_permission_pkey PRIMARY KEY (id);


--
-- Name: auth_user_groups auth_user_groups_pkey; Type: CONSTRAINT; Schema: public; Owner: root
--

ALTER TABLE ONLY public.auth_user_groups
    ADD CONSTRAINT auth_user_groups_pkey PRIMARY KEY (id);


--
-- Name: auth_user_groups auth_user_groups_user_id_group_id_94350c0c_uniq; Type: CONSTRAINT; Schema: public; Owner: root
--

ALTER TABLE ONLY public.auth_user_groups
    ADD CONSTRAINT auth_user_groups_user_id_group_id_94350c0c_uniq UNIQUE (user_id, group_id);


--
-- Name: auth_user auth_user_pkey; Type: CONSTRAINT; Schema: public; Owner: root
--

ALTER TABLE ONLY public.auth_user
    ADD CONSTRAINT auth_user_pkey PRIMARY KEY (id);


--
-- Name: auth_user_user_permissions auth_user_user_permissions_pkey; Type: CONSTRAINT; Schema: public; Owner: root
--

ALTER TABLE ONLY public.auth_user_user_permissions
    ADD CONSTRAINT auth_user_user_permissions_pkey PRIMARY KEY (id);


--
-- Name: auth_user_user_permissions auth_user_user_permissions_user_id_permission_id_14a6b632_uniq; Type: CONSTRAINT; Schema: public; Owner: root
--

ALTER TABLE ONLY public.auth_user_user_permissions
    ADD CONSTRAINT auth_user_user_permissions_user_id_permission_id_14a6b632_uniq UNIQUE (user_id, permission_id);


--
-- Name: auth_user auth_user_username_key; Type: CONSTRAINT; Schema: public; Owner: root
--

ALTER TABLE ONLY public.auth_user
    ADD CONSTRAINT auth_user_username_key UNIQUE (username);


--
-- Name: authtoken_token authtoken_token_pkey; Type: CONSTRAINT; Schema: public; Owner: root
--

ALTER TABLE ONLY public.authtoken_token
    ADD CONSTRAINT authtoken_token_pkey PRIMARY KEY (key);


--
-- Name: authtoken_token authtoken_token_user_id_key; Type: CONSTRAINT; Schema: public; Owner: root
--

ALTER TABLE ONLY public.authtoken_token
    ADD CONSTRAINT authtoken_token_user_id_key UNIQUE (user_id);


--
-- Name: django_admin_log django_admin_log_pkey; Type: CONSTRAINT; Schema: public; Owner: root
--

ALTER TABLE ONLY public.django_admin_log
    ADD CONSTRAINT django_admin_log_pkey PRIMARY KEY (id);


--
-- Name: django_content_type django_content_type_app_label_model_76bd3d3b_uniq; Type: CONSTRAINT; Schema: public; Owner: root
--

ALTER TABLE ONLY public.django_content_type
    ADD CONSTRAINT django_content_type_app_label_model_76bd3d3b_uniq UNIQUE (app_label, model);


--
-- Name: django_content_type django_content_type_pkey; Type: CONSTRAINT; Schema: public; Owner: root
--

ALTER TABLE ONLY public.django_content_type
    ADD CONSTRAINT django_content_type_pkey PRIMARY KEY (id);


--
-- Name: django_migrations django_migrations_pkey; Type: CONSTRAINT; Schema: public; Owner: root
--

ALTER TABLE ONLY public.django_migrations
    ADD CONSTRAINT django_migrations_pkey PRIMARY KEY (id);


--
-- Name: django_session django_session_pkey; Type: CONSTRAINT; Schema: public; Owner: root
--

ALTER TABLE ONLY public.django_session
    ADD CONSTRAINT django_session_pkey PRIMARY KEY (session_key);


--
-- Name: event_manager_billing event_manager_billing_pkey; Type: CONSTRAINT; Schema: public; Owner: root
--

ALTER TABLE ONLY public.event_manager_billing
    ADD CONSTRAINT event_manager_billing_pkey PRIMARY KEY (id);


--
-- Name: event_manager_client event_manager_client_pkey; Type: CONSTRAINT; Schema: public; Owner: root
--

ALTER TABLE ONLY public.event_manager_client
    ADD CONSTRAINT event_manager_client_pkey PRIMARY KEY (id);


--
-- Name: event_manager_employee event_manager_employee_pkey; Type: CONSTRAINT; Schema: public; Owner: root
--

ALTER TABLE ONLY public.event_manager_employee
    ADD CONSTRAINT event_manager_employee_pkey PRIMARY KEY (id);


--
-- Name: event_manager_employee event_manager_employee_user_id_key; Type: CONSTRAINT; Schema: public; Owner: root
--

ALTER TABLE ONLY public.event_manager_employee
    ADD CONSTRAINT event_manager_employee_user_id_key UNIQUE (user_id);


--
-- Name: event_manager_employeeassignment event_manager_employeeassignment_pkey; Type: CONSTRAINT; Schema: public; Owner: root
--

ALTER TABLE ONLY public.event_manager_employeeassignment
    ADD CONSTRAINT event_manager_employeeassignment_pkey PRIMARY KEY (id);


--
-- Name: event_manager_employeeinvoice event_manager_employeeinvoice_pkey; Type: CONSTRAINT; Schema: public; Owner: root
--

ALTER TABLE ONLY public.event_manager_employeeinvoice
    ADD CONSTRAINT event_manager_employeeinvoice_pkey PRIMARY KEY (id);


--
-- Name: event_manager_event event_manager_event_billing_id_key; Type: CONSTRAINT; Schema: public; Owner: root
--

ALTER TABLE ONLY public.event_manager_event
    ADD CONSTRAINT event_manager_event_billing_id_key UNIQUE (billing_id);


--
-- Name: event_manager_event event_manager_event_logistics_id_key; Type: CONSTRAINT; Schema: public; Owner: root
--

ALTER TABLE ONLY public.event_manager_event
    ADD CONSTRAINT event_manager_event_logistics_id_key UNIQUE (logistics_id);


--
-- Name: event_manager_event event_manager_event_pkey; Type: CONSTRAINT; Schema: public; Owner: root
--

ALTER TABLE ONLY public.event_manager_event
    ADD CONSTRAINT event_manager_event_pkey PRIMARY KEY (id);


--
-- Name: event_manager_logistics event_manager_logistics_pkey; Type: CONSTRAINT; Schema: public; Owner: root
--

ALTER TABLE ONLY public.event_manager_logistics
    ADD CONSTRAINT event_manager_logistics_pkey PRIMARY KEY (id);


--
-- Name: event_manager_salon event_manager_salon_pkey; Type: CONSTRAINT; Schema: public; Owner: root
--

ALTER TABLE ONLY public.event_manager_salon
    ADD CONSTRAINT event_manager_salon_pkey PRIMARY KEY (id);


--
-- Name: auth_group_name_a6ea08ec_like; Type: INDEX; Schema: public; Owner: root
--

CREATE INDEX auth_group_name_a6ea08ec_like ON public.auth_group USING btree (name varchar_pattern_ops);


--
-- Name: auth_group_permissions_group_id_b120cbf9; Type: INDEX; Schema: public; Owner: root
--

CREATE INDEX auth_group_permissions_group_id_b120cbf9 ON public.auth_group_permissions USING btree (group_id);


--
-- Name: auth_group_permissions_permission_id_84c5c92e; Type: INDEX; Schema: public; Owner: root
--

CREATE INDEX auth_group_permissions_permission_id_84c5c92e ON public.auth_group_permissions USING btree (permission_id);


--
-- Name: auth_permission_content_type_id_2f476e4b; Type: INDEX; Schema: public; Owner: root
--

CREATE INDEX auth_permission_content_type_id_2f476e4b ON public.auth_permission USING btree (content_type_id);


--
-- Name: auth_user_groups_group_id_97559544; Type: INDEX; Schema: public; Owner: root
--

CREATE INDEX auth_user_groups_group_id_97559544 ON public.auth_user_groups USING btree (group_id);


--
-- Name: auth_user_groups_user_id_6a12ed8b; Type: INDEX; Schema: public; Owner: root
--

CREATE INDEX auth_user_groups_user_id_6a12ed8b ON public.auth_user_groups USING btree (user_id);


--
-- Name: auth_user_user_permissions_permission_id_1fbb5f2c; Type: INDEX; Schema: public; Owner: root
--

CREATE INDEX auth_user_user_permissions_permission_id_1fbb5f2c ON public.auth_user_user_permissions USING btree (permission_id);


--
-- Name: auth_user_user_permissions_user_id_a95ead1b; Type: INDEX; Schema: public; Owner: root
--

CREATE INDEX auth_user_user_permissions_user_id_a95ead1b ON public.auth_user_user_permissions USING btree (user_id);


--
-- Name: auth_user_username_6821ab7c_like; Type: INDEX; Schema: public; Owner: root
--

CREATE INDEX auth_user_username_6821ab7c_like ON public.auth_user USING btree (username varchar_pattern_ops);


--
-- Name: authtoken_token_key_10f0b77e_like; Type: INDEX; Schema: public; Owner: root
--

CREATE INDEX authtoken_token_key_10f0b77e_like ON public.authtoken_token USING btree (key varchar_pattern_ops);


--
-- Name: django_admin_log_content_type_id_c4bce8eb; Type: INDEX; Schema: public; Owner: root
--

CREATE INDEX django_admin_log_content_type_id_c4bce8eb ON public.django_admin_log USING btree (content_type_id);


--
-- Name: django_admin_log_user_id_c564eba6; Type: INDEX; Schema: public; Owner: root
--

CREATE INDEX django_admin_log_user_id_c564eba6 ON public.django_admin_log USING btree (user_id);


--
-- Name: django_session_expire_date_a5c62663; Type: INDEX; Schema: public; Owner: root
--

CREATE INDEX django_session_expire_date_a5c62663 ON public.django_session USING btree (expire_date);


--
-- Name: django_session_session_key_c0390e0f_like; Type: INDEX; Schema: public; Owner: root
--

CREATE INDEX django_session_session_key_c0390e0f_like ON public.django_session USING btree (session_key varchar_pattern_ops);


--
-- Name: event_manager_billing_billed_event_id_260f94a1; Type: INDEX; Schema: public; Owner: root
--

CREATE INDEX event_manager_billing_billed_event_id_260f94a1 ON public.event_manager_billing USING btree (billed_event_id);


--
-- Name: event_manager_employeeassignment_employee_id_b2827cd6; Type: INDEX; Schema: public; Owner: root
--

CREATE INDEX event_manager_employeeassignment_employee_id_b2827cd6 ON public.event_manager_employeeassignment USING btree (employee_id);


--
-- Name: event_manager_employeeassignment_events_id_b7cac019; Type: INDEX; Schema: public; Owner: root
--

CREATE INDEX event_manager_employeeassignment_events_id_b7cac019 ON public.event_manager_employeeassignment USING btree (events_id);


--
-- Name: event_manager_employeeinvoice_assignment_id_1f390303; Type: INDEX; Schema: public; Owner: root
--

CREATE INDEX event_manager_employeeinvoice_assignment_id_1f390303 ON public.event_manager_employeeinvoice USING btree (assignment_id);


--
-- Name: event_manager_logistics_event_logistics_id_0e8ce2e6; Type: INDEX; Schema: public; Owner: root
--

CREATE INDEX event_manager_logistics_event_logistics_id_0e8ce2e6 ON public.event_manager_logistics USING btree (event_logistics_id);


--
-- Name: auth_group_permissions auth_group_permissio_permission_id_84c5c92e_fk_auth_perm; Type: FK CONSTRAINT; Schema: public; Owner: root
--

ALTER TABLE ONLY public.auth_group_permissions
    ADD CONSTRAINT auth_group_permissio_permission_id_84c5c92e_fk_auth_perm FOREIGN KEY (permission_id) REFERENCES public.auth_permission(id) DEFERRABLE INITIALLY DEFERRED;


--
-- Name: auth_group_permissions auth_group_permissions_group_id_b120cbf9_fk_auth_group_id; Type: FK CONSTRAINT; Schema: public; Owner: root
--

ALTER TABLE ONLY public.auth_group_permissions
    ADD CONSTRAINT auth_group_permissions_group_id_b120cbf9_fk_auth_group_id FOREIGN KEY (group_id) REFERENCES public.auth_group(id) DEFERRABLE INITIALLY DEFERRED;


--
-- Name: auth_permission auth_permission_content_type_id_2f476e4b_fk_django_co; Type: FK CONSTRAINT; Schema: public; Owner: root
--

ALTER TABLE ONLY public.auth_permission
    ADD CONSTRAINT auth_permission_content_type_id_2f476e4b_fk_django_co FOREIGN KEY (content_type_id) REFERENCES public.django_content_type(id) DEFERRABLE INITIALLY DEFERRED;


--
-- Name: auth_user_groups auth_user_groups_group_id_97559544_fk_auth_group_id; Type: FK CONSTRAINT; Schema: public; Owner: root
--

ALTER TABLE ONLY public.auth_user_groups
    ADD CONSTRAINT auth_user_groups_group_id_97559544_fk_auth_group_id FOREIGN KEY (group_id) REFERENCES public.auth_group(id) DEFERRABLE INITIALLY DEFERRED;


--
-- Name: auth_user_groups auth_user_groups_user_id_6a12ed8b_fk_auth_user_id; Type: FK CONSTRAINT; Schema: public; Owner: root
--

ALTER TABLE ONLY public.auth_user_groups
    ADD CONSTRAINT auth_user_groups_user_id_6a12ed8b_fk_auth_user_id FOREIGN KEY (user_id) REFERENCES public.auth_user(id) DEFERRABLE INITIALLY DEFERRED;


--
-- Name: auth_user_user_permissions auth_user_user_permi_permission_id_1fbb5f2c_fk_auth_perm; Type: FK CONSTRAINT; Schema: public; Owner: root
--

ALTER TABLE ONLY public.auth_user_user_permissions
    ADD CONSTRAINT auth_user_user_permi_permission_id_1fbb5f2c_fk_auth_perm FOREIGN KEY (permission_id) REFERENCES public.auth_permission(id) DEFERRABLE INITIALLY DEFERRED;


--
-- Name: auth_user_user_permissions auth_user_user_permissions_user_id_a95ead1b_fk_auth_user_id; Type: FK CONSTRAINT; Schema: public; Owner: root
--

ALTER TABLE ONLY public.auth_user_user_permissions
    ADD CONSTRAINT auth_user_user_permissions_user_id_a95ead1b_fk_auth_user_id FOREIGN KEY (user_id) REFERENCES public.auth_user(id) DEFERRABLE INITIALLY DEFERRED;


--
-- Name: authtoken_token authtoken_token_user_id_35299eff_fk_auth_user_id; Type: FK CONSTRAINT; Schema: public; Owner: root
--

ALTER TABLE ONLY public.authtoken_token
    ADD CONSTRAINT authtoken_token_user_id_35299eff_fk_auth_user_id FOREIGN KEY (user_id) REFERENCES public.auth_user(id) DEFERRABLE INITIALLY DEFERRED;


--
-- Name: django_admin_log django_admin_log_content_type_id_c4bce8eb_fk_django_co; Type: FK CONSTRAINT; Schema: public; Owner: root
--

ALTER TABLE ONLY public.django_admin_log
    ADD CONSTRAINT django_admin_log_content_type_id_c4bce8eb_fk_django_co FOREIGN KEY (content_type_id) REFERENCES public.django_content_type(id) DEFERRABLE INITIALLY DEFERRED;


--
-- Name: django_admin_log django_admin_log_user_id_c564eba6_fk_auth_user_id; Type: FK CONSTRAINT; Schema: public; Owner: root
--

ALTER TABLE ONLY public.django_admin_log
    ADD CONSTRAINT django_admin_log_user_id_c564eba6_fk_auth_user_id FOREIGN KEY (user_id) REFERENCES public.auth_user(id) DEFERRABLE INITIALLY DEFERRED;


--
-- Name: event_manager_billing event_manager_billin_billed_event_id_260f94a1_fk_event_man; Type: FK CONSTRAINT; Schema: public; Owner: root
--

ALTER TABLE ONLY public.event_manager_billing
    ADD CONSTRAINT event_manager_billin_billed_event_id_260f94a1_fk_event_man FOREIGN KEY (billed_event_id) REFERENCES public.event_manager_event(id) DEFERRABLE INITIALLY DEFERRED;


--
-- Name: event_manager_employeeinvoice event_manager_employ_assignment_id_1f390303_fk_event_man; Type: FK CONSTRAINT; Schema: public; Owner: root
--

ALTER TABLE ONLY public.event_manager_employeeinvoice
    ADD CONSTRAINT event_manager_employ_assignment_id_1f390303_fk_event_man FOREIGN KEY (assignment_id) REFERENCES public.event_manager_employeeassignment(id) DEFERRABLE INITIALLY DEFERRED;


--
-- Name: event_manager_employeeassignment event_manager_employ_employee_id_b2827cd6_fk_event_man; Type: FK CONSTRAINT; Schema: public; Owner: root
--

ALTER TABLE ONLY public.event_manager_employeeassignment
    ADD CONSTRAINT event_manager_employ_employee_id_b2827cd6_fk_event_man FOREIGN KEY (employee_id) REFERENCES public.event_manager_employee(id) DEFERRABLE INITIALLY DEFERRED;


--
-- Name: event_manager_employeeassignment event_manager_employ_events_id_b7cac019_fk_event_man; Type: FK CONSTRAINT; Schema: public; Owner: root
--

ALTER TABLE ONLY public.event_manager_employeeassignment
    ADD CONSTRAINT event_manager_employ_events_id_b7cac019_fk_event_man FOREIGN KEY (events_id) REFERENCES public.event_manager_event(id) DEFERRABLE INITIALLY DEFERRED;


--
-- Name: event_manager_employee event_manager_employee_user_id_1fb84651_fk_auth_user_id; Type: FK CONSTRAINT; Schema: public; Owner: root
--

ALTER TABLE ONLY public.event_manager_employee
    ADD CONSTRAINT event_manager_employee_user_id_1fb84651_fk_auth_user_id FOREIGN KEY (user_id) REFERENCES public.auth_user(id) DEFERRABLE INITIALLY DEFERRED;


--
-- Name: event_manager_event event_manager_event_billing_id_94d19ddd_fk_event_man; Type: FK CONSTRAINT; Schema: public; Owner: root
--

ALTER TABLE ONLY public.event_manager_event
    ADD CONSTRAINT event_manager_event_billing_id_94d19ddd_fk_event_man FOREIGN KEY (billing_id) REFERENCES public.event_manager_billing(id) DEFERRABLE INITIALLY DEFERRED;


--
-- Name: event_manager_event event_manager_event_logistics_id_cf40d466_fk_event_man; Type: FK CONSTRAINT; Schema: public; Owner: root
--

ALTER TABLE ONLY public.event_manager_event
    ADD CONSTRAINT event_manager_event_logistics_id_cf40d466_fk_event_man FOREIGN KEY (logistics_id) REFERENCES public.event_manager_logistics(id) DEFERRABLE INITIALLY DEFERRED;


--
-- Name: event_manager_logistics event_manager_logist_event_logistics_id_0e8ce2e6_fk_event_man; Type: FK CONSTRAINT; Schema: public; Owner: root
--

ALTER TABLE ONLY public.event_manager_logistics
    ADD CONSTRAINT event_manager_logist_event_logistics_id_0e8ce2e6_fk_event_man FOREIGN KEY (event_logistics_id) REFERENCES public.event_manager_event(id) DEFERRABLE INITIALLY DEFERRED;


--
-- PostgreSQL database dump complete
--

